{"assets/icons/Heart%20Icon.svg":["assets/icons/Heart%20Icon.svg"],"assets/icons/Shop%20Icon.svg":["assets/icons/Shop%20Icon.svg"],"assets/icons/Trash.svg":["assets/icons/Trash.svg"],"assets/icons/User%20Icon.svg":["assets/icons/User%20Icon.svg"],"assets/icons/cat%20(1).svg":["assets/icons/cat%20(1).svg"],"assets/icons/cat.svg":["assets/icons/cat.svg"],"assets/icons/contacts.svg":["assets/icons/contacts.svg"],"assets/icons/dog.svg":["assets/icons/dog.svg"],"assets/icons/email.svg":["assets/icons/email.svg"],"assets/icons/facebook.svg":["assets/icons/facebook.svg"],"assets/icons/forgot.svg":["assets/icons/forgot.svg"],"assets/icons/gps.svg":["assets/icons/gps.svg"],"assets/icons/instagram.svg":["assets/icons/instagram.svg"],"assets/icons/like.svg":["assets/icons/like.svg"],"assets/icons/order.svg":["assets/icons/order.svg"],"assets/icons/orderdone.svg":["assets/icons/orderdone.svg"],"assets/icons/pawprints.svg":["assets/icons/pawprints.svg"],"assets/icons/pet-grooming.svg":["assets/icons/pet-grooming.svg"],"assets/icons/pet-hotel-sign.svg":["assets/icons/pet-hotel-sign.svg"],"assets/icons/pet-hotel-signal.svg":["assets/icons/pet-hotel-signal.svg"],"assets/icons/phone-call.svg":["assets/icons/phone-call.svg"],"assets/icons/profile.svg":["assets/icons/profile.svg"],"assets/icons/whatsapp.svg":["assets/icons/whatsapp.svg"],"assets/images/IMG-20210212-WA0009.jpg":["assets/images/IMG-20210212-WA0009.jpg"],"assets/images/IMG-20210212-WA0012.jpg":["assets/images/IMG-20210212-WA0012.jpg"],"assets/images/Pets.png":["assets/images/Pets.png"],"assets/images/ic_launcher.png":["assets/images/ic_launcher.png"],"assets/images/logo.png":["assets/images/logo.png"],"assets/images/logo.svg":["assets/images/logo.svg"],"assets/images/logo1.png":["assets/images/logo1.png"],"assets/images/service.jpg":["assets/images/service.jpg"],"assets/images/service.png":["assets/images/service.png"],"assets/images/shopping-cart%20(1).svg":["assets/images/shopping-cart%20(1).svg"],"assets/images/splash.jpg":["assets/images/splash.jpg"],"assets/images/thanks.jpg":["assets/images/thanks.jpg"],"packages/cupertino_icons/assets/CupertinoIcons.ttf":["packages/cupertino_icons/assets/CupertinoIcons.ttf"]}